{"cameraMode":{"drawMode":0,"name":"Shaded","section":"Shading Mode"},"sceneLighting":true,"audioPlay":false,"sceneViewState":{"m_AlwaysRefresh":false,"showFog":false,"showSkybox":false,"showFlares":false,"showImageEffects":true,"showParticleSystems":true,"showVisualEffectGraphs":true,"m_FxEnabled":false},"in2DMode":false,"pivot":{"x":20.300872802734376,"y":13.655683517456055,"z":94.84336853027344},"rotation":{"x":-0.23416952788829804,"y":-0.1374133825302124,"z":0.033454522490501407,"w":-0.9618565440177918},"size":19.410181045532228,"orthographic":false}